Created at,Id2019-06-28 12:21:34,1144581605136072704
2019-06-28 11:50:26,1144573768364224512
2019-06-28 11:42:18,1144571722789601280
2019-06-28 11:23:39,1144567030214873088
2019-06-28 11:19:49,1144566063184711680
2019-06-28 11:07:54,1144563064022265856
2019-06-28 11:06:16,1144562655836794880
2019-06-28 10:32:56,1144554267232964608
2019-06-28 10:32:56,1144554265605623809
2019-06-28 10:32:56,1144554264179535872
2019-06-28 10:29:01,1144553280502030336
2019-06-28 10:23:41,1144551937494228993
2019-06-28 10:19:37,1144550916265144320
2019-06-28 10:13:13,1144549305400750080
2019-06-28 10:10:37,1144548648874700800
2019-06-28 10:06:57,1144547725213437952
2019-06-28 10:06:56,1144547723779010560
